Bundesland,charging_locations,charge_points,fast_locations,fast_share_pct,pkw_insgesamt,pkw_elektro,pkw_bev,population_est,charge_points_per_100k,ev_per_100k,charge_points_per_1k_ev,ev_share_of_fleet_pct
Mecklenburg-Vorpommern,1837,3222,1017,55.4,891821,29139,17344,1629461.5656959238,197.7,1788.3,110.57,3.27
Thüringen,2317,4211,1269,54.8,1193215,43423,25599,2122335.01610164,198.4,2046.0,96.98,3.64
Berlin,4953,7561,1066,21.5,1227268,78228,46904,3782182.744231713,199.9,2068.3,96.65,6.37
Sachsen-Anhalt,1978,3739,1341,67.8,1224599,40123,22880,2180452.4950836934,171.5,1840.1,93.19,3.28
Bremen,884,1584,458,51.8,302184,17056,10018,691696.1220990408,229.0,2465.8,92.87,5.64
Sachsen,3821,7129,2009,52.6,2193389,77996,45043,4089462.056009152,174.3,1907.2,91.4,3.56
Hamburg,3314,5976,1982,59.8,813893,67581,39830,1910163.0614072292,312.9,3538.0,88.43,8.3
Schleswig-Holstein,4349,8038,2446,56.2,1761478,103224,70835,2965692.400015052,271.0,3480.6,77.87,5.86
Brandenburg,3032,5004,1623,53.5,1501039,64744,39273,2581670.055069208,193.8,2507.8,77.29,4.31
Baden-Württemberg,18863,35202,8741,46.3,7007850,484580,307763,11339254.719738731,310.4,4273.5,72.64,6.91
Bayern,22838,39849,11288,49.4,8490072,561579,373485,13435057.626866473,296.6,4180.0,70.96,6.61
Niedersachsen,11482,20783,6802,59.2,5006210,312993,211848,8161991.553855591,254.6,3834.8,66.4,6.25
Nordrhein-Westfalen,22500,41203,12971,57.6,10670076,679041,429304,18190387.02174276,226.5,3733.0,60.68,6.36
Hessen,8952,16105,4652,52.0,3926639,271966,170228,6420724.16306665,250.8,4235.8,59.22,6.93
Rheinland-Pfalz,4527,8021,2653,58.6,2660144,149133,97143,4174311.1518446,192.2,3572.6,53.78,5.61
Saarland,796,1509,535,67.2,655205,32732,19894,994423.5631089008,151.7,3291.6,46.1,5.0
