Bundesland,charging_locations,charge_points,fast_locations,fast_share_pct
Baden-Württemberg,18863,35202,8741,46.3
Bayern,22838,39849,11288,49.4
Berlin,4953,7561,1066,21.5
Brandenburg,3032,5004,1623,53.5
Bremen,884,1584,458,51.8
Hamburg,3314,5976,1982,59.8
Hessen,8952,16105,4652,52.0
Mecklenburg-Vorpommern,1837,3222,1017,55.4
Niedersachsen,11482,20783,6802,59.2
Nordrhein-Westfalen,22500,41203,12971,57.6
Rheinland-Pfalz,4527,8021,2653,58.6
Saarland,796,1509,535,67.2
Sachsen,3821,7129,2009,52.6
Sachsen-Anhalt,1978,3739,1341,67.8
Schleswig-Holstein,4349,8038,2446,56.2
Thüringen,2317,4211,1269,54.8
