Berichtszeitpunkt,pkw_insgesamt,pkw_elektro,pkw_bev,ev_share_pct
2023.01,97526072,1879710,1013009,1.93
2023.04,97696692,1955885,1078057,2.0
2023.07,98076290,2060031,1170632,2.1
2023.1,98295138,2212645,1307901,2.25
2024.01,98197370,2332683,1408681,2.38
2024.04,98362760,2396076,1457496,2.44
2024.07,98776424,2477935,1528150,2.51
2024.1,98830434,2545576,1588313,2.58
2025.01,98678332,2620868,1651643,2.66
2025.04,98721662,2733615,1735021,2.77
2025.07,99051216,2878689,1835578,2.91
2025.1,99149458,3017121,1929651,3.04
