Bundesland,pkw_insgesamt,pkw_elektro,pkw_bev
Baden-Württemberg,7007850,484580,307763
Bayern,8490072,561579,373485
Berlin,1227268,78228,46904
Brandenburg,1501039,64744,39273
Bremen,302184,17056,10018
Hamburg,813893,67581,39830
Hessen,3926639,271966,170228
Mecklenburg-Vorpommern,891821,29139,17344
Niedersachsen,5006210,312993,211848
Nordrhein-Westfalen,10670076,679041,429304
Rheinland-Pfalz,2660144,149133,97143
Saarland,655205,32732,19894
Sachsen,2193389,77996,45043
Sachsen-Anhalt,1224599,40123,22880
Schleswig-Holstein,1761478,103224,70835
Thüringen,1193215,43423,25599
